i,tc,te,capD
0,0.8999999999999999,None,0
1,2.3000000000000007,None,1
2,1.2,None,0
3,1.0999999999999999,None,1
4,2.2000000000000006,None,1
5,1.5000000000000002,None,0
