i,tc,te,capD
0,3.1000000000000014,None,2
1,3.3000000000000016,None,2
2,2.500000000000001,None,1
3,3.4000000000000017,None,1
4,3.2000000000000015,None,2
5,2.800000000000001,None,2
