tc:k,tc:n,tlevel:k,tlevel:n,e_ave:k,e_ave:n
3.4000000000000017,4.799999999999999,0.5787016275232404,-0.07466963490159495,1.2163597108625248,0.5995336257986186
3.2000000000000015,4.300000000000001,0.8395997239454904,-0.022944997177694715,2.008650116779764,1.3322882959460027
2.3000000000000007,3.800000000000002,1.0089420245856737,0.7467489405335817,3.5735181314815665,2.0142043547869384
4.200000000000001,4.6,0.22352215087412697,-0.032040537239154565,1.2268016319921557,0.46276719711153413
4.5,3.5000000000000018,-0.06134964314740765,0.7479877820407053,0.7372949064495432,1.3259023376626515
3.600000000000002,4.100000000000001,0.4525046733256841,0.22574010942592349,0.9276272484110913,1.1785548282621607
