i,tc,te,capD
0,1.6000000000000003,None,2
1,2.1000000000000005,None,1
2,2.2000000000000006,None,2
3,2.500000000000001,None,2
4,4.200000000000001,None,1
5,4.200000000000001,None,1
