i,tc,te,capD
0,None,4.200000000000001,-1
1,None,4.200000000000001,-1
2,None,2.800000000000001,-1
3,1.5000000000000002,None,0
4,2.600000000000001,None,1
5,None,3.900000000000002,-1
6,0.6,None,0
7,2.700000000000001,None,2
8,0.7,None,2
9,1.0999999999999999,None,1
10,None,4.300000000000001,-1
11,1.5000000000000002,None,0
