i,tc,te,capD
0,4.899999999999999,None,2
1,6.999999999999991,None,0
2,4.4,None,1
3,6.499999999999993,None,0
4,4.300000000000001,None,2
5,5.4999999999999964,None,0
6,3.600000000000002,None,1
