i,tc,te,capD
0,1.3,None,1
1,None,3.800000000000002,-1
2,None,4.300000000000001,-1
3,1.0999999999999999,None,1
4,0.5,None,1
5,1.4000000000000001,None,1
