i,tc,te,capD
0,None,3.800000000000002,-1
1,None,4.799999999999999,-1
2,1.6000000000000003,None,1
3,None,3.800000000000002,-1
4,2.3000000000000007,None,1
5,None,4.5,-1
