i,tc,te,capD
0,2.700000000000001,None,2
1,2.9000000000000012,None,2
2,3.4000000000000017,None,1
3,2.3000000000000007,None,2
4,2.9000000000000012,None,0
5,3.5000000000000018,None,0
