i,tc,te,capD
0,3.0000000000000013,None,1
1,2.800000000000001,None,1
2,2.9000000000000012,None,2
3,2.9000000000000012,None,2
4,3.600000000000002,None,2
5,2.600000000000001,None,1
