i,tc,te,capD
0,None,3.4000000000000017,-1
1,None,4.200000000000001,-1
2,None,3.600000000000002,-1
3,0.5,None,2
4,0.9999999999999999,None,1
5,None,4.5,-1
