i,tc,te,capD
0,1.3,None,1
1,1.4000000000000001,None,1
2,None,4.300000000000001,-1
3,0.4,None,1
4,0.30000000000000004,None,0
5,1.0999999999999999,None,1
6,None,3.700000000000002,-1
7,0.1,None,0
8,1.8000000000000005,None,1
9,None,4.5,-1
10,0.9999999999999999,None,2
11,0.2,None,0
