i,tc,te,capD
0,2.800000000000001,None,1
1,1.0999999999999999,None,0
2,2.0000000000000004,None,2
3,3.1000000000000014,None,1
4,4.100000000000001,None,1
5,4.000000000000002,None,1
