i,tc,te,capD
0,2.3000000000000007,None,0
1,2.600000000000001,None,1
2,2.800000000000001,None,1
3,3.2000000000000015,None,1
4,2.400000000000001,None,0
5,1.9000000000000006,None,0
