i,tc,te,capD
0,2.700000000000001,None,0
1,2.600000000000001,None,0
2,None,3.600000000000002,-1
3,3.800000000000002,None,0
4,None,4.6,-1
5,None,3.600000000000002,-1
