t,D0:x,D0:y,D1:x,D1:y,D2:x,D2:y,I0:x,I0:y,I1:x,I1:y,I2:x,I2:y,I3:x,I3:y,I4:x,I4:y,I5:x,I5:y,D0:vx,D0:vy,D1:vx,D1:vy,D2:vx,D2:vy,I0:vx,I0:vy,I1:vx,I1:vy,I2:vx,I2:vy,I3:vx,I3:vy,I4:vx,I4:vy,I5:vx,I5:vy,eff
0.1,5.0,5.2898884861895334,3.0272509326611097,4.47274906733889,2.2101115138104666,2.5000000000000004,2.4059102906225505,6.123884666417867,0.9308366238442718,5.215093594861739,3.472133076700816,6.620797854104018,0.15452236865367613,3.1060651423680246,0.49388268087014814,3.0096100289350796,4.961602877315585,6.398514745216897,1.0,1.0,1.0,1.0,1.0,1.0,0.00000
0.2,5.0,5.2898884861895334,3.0272509326611097,4.47274906733889,2.2101115138104666,2.5000000000000004,2.472527488534729,6.079588515994499,0.979051139468776,5.151255044728654,3.488563895027351,6.542503357432027,0.23404762715075825,3.1147676282756414,0.5730533670716051,3.0210992606931404,4.959456359321785,6.318543547523587,1.0,1.0,1.0,1.0,1.0,1.0,0.00000
0.30000000000000004,5.0,5.2898884861895334,3.0272509326611097,4.47274906733889,2.2101115138104666,2.5000000000000004,2.5399530386809994,6.036532794104455,1.026460866482175,5.086816564109423,3.5058817653638426,6.464400275757816,0.31346464970109844,3.1244079876692927,0.6520265998826982,3.033875351619746,4.956942812512829,6.238583044258292,1.0,1.0,1.0,1.0,1.0,1.0,0.00000
0.4,4.991874956171416,5.3895578579282155,3.0272509326611097,4.47274906733889,2.2101115138104666,2.5000000000000004,2.6082036931995494,5.99479733965875,1.0730213122164876,5.021761780326659,3.5240672715901638,6.386494644618004,0.3927506212079568,3.135072635915421,0.7307544382077106,3.048085470291689,4.953983158182226,6.158637810214959,1.0,1.0,1.0,1.0,1.0,1.0,3.32446
0.5,4.98375213649341,5.489227410954596,3.0272509326611097,4.47274906733889,2.2101115138104666,2.5000000000000004,2.6772833589298566,5.954448860349252,1.1186920685054451,4.956079347210988,3.5413444456658523,6.308382550445857,0.471878313504315,3.1468543298451093,0.8091768352949579,3.063894570047529,4.951023576976752,6.078692573464492,1.0,1.0,1.0,1.0,1.0,1.0,3.91631
