i,tc,te,capD
0,2.9000000000000012,None,0
1,2.700000000000001,None,0
2,2.2000000000000006,None,0
3,3.800000000000002,None,0
4,2.700000000000001,None,1
5,3.3000000000000016,None,2
