i,tc,te,capD
0,9.399999999999983,None,1
1,7.29999999999999,None,2
2,6.799999999999992,None,2
3,8.099999999999987,None,2
4,7.39999999999999,None,2
5,6.299999999999994,None,0
6,6.8999999999999915,None,2
