i,tc,te,capD
0,3.600000000000002,None,1
1,None,None,-1
2,None,None,-1
3,3.1000000000000014,None,1
4,4.5,None,1
5,3.2000000000000015,None,1
6,None,9.89999999999998,-1
